Accuracy,Erro_Real,Tempo_Treino,Num_Neuronios,Num_Camadas,Funcao_Treino,Funcao_Ativacao1,Funcao_Ativacao2
0.771739130434783,0.192991084856479,1.1685586,15,1,1,1,0
0.760869565217391,0.179633538484935,1.137675,10,2,1,1,1
0.782608695652174,0.178267808588731,1.0731712,15,2,2,1,1
